product_names,product_prices,category
Samsung Galaxy Tab A6 - 1.5GB RAM - 8GB ROM - Android 7,"Rs. 15,000",mobiles and tablets
Amazon kindle touch and audio speech 4th generation hai,"Rs. 7,000",mobiles and tablets
Redmi 12 || 8GB Ram 128GB Rom || 5000mAh Battery,"Rs. 44,999",mobiles and tablets
Amazon kindle paperwhite ereader 4th generation,"Rs. 4,500",mobiles and tablets
Redmi 12C 4GB Ram 5000mAh Battery Fingerprint Sensor,"Rs. 27,999",mobiles and tablets
Itel S23 - 8GB Ram - 256GB Rom - 5000mAh Battery,"Rs. 32,500",mobiles and tablets
Redmi Note 12 || 8GB Ram 256GB Rom || 5000mAh Battery,"Rs. 61,999",mobiles and tablets
Sony Xperia XZ3 - 4gb/64gb - Original Global/UK Variant - PTA Approved,"Rs. 32,860",mobiles and tablets
"Redmi 12 - 6.79"" Inch Display - 8GB RAM - 128GB ROM","Rs. 46,950",mobiles and tablets
Japanese Android Tab,"Rs. 10,999",mobiles and tablets
Wacom One CTL-472 Digital Graphic Drawing Tablet Pad,"Rs. 19,990",mobiles and tablets
Amazon kindle paperwhite tablet ereader 4th generation,"Rs. 6,000",mobiles and tablets
Samsung Galaxy Tab A6 - 1.5GB RAM - 8GB ROM - Android 7,"Rs. 12,775",mobiles and tablets
"Redmi 12C - 6.71"" Inch Display - 4GB RAM","Rs. 25,999",mobiles and tablets
Wacom One CTL-672 Digital Graphic Drawing Tablet Pad,"Rs. 27,700",mobiles and tablets
Samsung Galaxy A14 6GB-128GB ROM PTA APPROVED OFFICIAL BRAND WARRANTY,"Rs. 59,999",mobiles and tablets
amazon kindle keyboard 3rd generation audio speech ereader paperwhite,"Rs. 5,000",mobiles and tablets
Samsung Galaxy A04 4GB - 64GB OFFICIAL PTA APPROVED OFFICIAL WARRANTY,"Rs. 42,999",mobiles and tablets
Ladies suit or women yellow,"Rs. 9,000",mobiles and tablets
Redmi 12C 4GB RAM -128GB ROM PTA APPROVED OFFICIAL WARRANTY,"Rs. 27,999",mobiles and tablets
MOTO G6 SINGLE SIM ONLY KIT,"Rs. 17,500",mobiles and tablets
keypad Mobile,"Rs. 9,000",mobiles and tablets
vivo y17 4GB 64GB Dual Sim Approved 5000mAh Battery Only Phone,"Rs. 25,000",mobiles and tablets
Redmi Note 12s || 8GB Ram 256GB Rom || 5000mAh Battery,"Rs. 74,999",mobiles and tablets
SUMSUNG FILP 3 PTA APPROVD ONLY KIT,"Rs. 199,499",mobiles and tablets
W01 Japan wifi,"Rs. 4,500",mobiles and tablets
Samsung Galaxy Tab E - 1.5GB RAM - 16GB ROM - Android 7 - FREE TABLET COVER,"Rs. 13,899",mobiles and tablets
"Daraz Like New Tablets – Amazon Fire HD 7 | 9th Generation | 16 GB Storage | 1 GB RAM | Quad-core 1.3 GHz Cortex-A53| 7"" HD| 2 MP front and 2 MP rear-facing cameras with video recording","Rs. 12,500",mobiles and tablets
oppo A37 || 3-4GB Ram || 32-64GB Rom || snapdragon 410 || 2630 mAh Battery || Dual sim || PTA Approved || Mobile phone,"Rs. 13,999",mobiles and tablets
"Infinix Note 30 , 8GB RAM 256GB ROM , 64MP Main Camera , Fingerprint , 5000mAh Fast Charging","Rs. 48,999",mobiles and tablets
Amazon Fire 7 | 5th Generation | 8 GB Storage | 1 GB RAM | 1.3 GHz quad-core processor | 7″ IPS Display | 2 MP main camera and rear-facing cameras with 720p HD video recording| 2980 mAh Battery,"Rs. 8,749",mobiles and tablets
Vivo X7 || 4-6 GB Ram || 64-128 GB Rom || Snapdragon 652 || Super AMOLED Display|| Dual Sim || 3000mAh Battery || PTA Approved || Mobile Phone,"Rs. 18,999",mobiles and tablets
SAMSUNG TAB A7 LITE T220 4GB RAM/64GB STORAGE/WIFI /8.7 INCH(BRAND NEW),"Rs. 45,079",mobiles and tablets
"SAMSUNG GALAXY TAB A7 LITE T220 3GB,32GB,8.7INCH,ONLY WIFI","Rs. 39,199",mobiles and tablets
Amazon kindle paperwhite 1 - 5th generation 2gb Ereader Book reader E-Book,"Rs. 10,000",mobiles and tablets
Lenovo tab 4 - 2 GB RAM - 16 GB ROM - 8'' Screen Size - HD Screen - Free Gift Inside,"Rs. 13,999",mobiles and tablets
Sony xperia 5 mark 2 official pta 8/128,"Rs. 57,000",mobiles and tablets
"SAMSUNG GALAXY TAB A7 LITE T225 3GB,32GB,8.7INCH,SIM PLUS WIFI PTA APPROVED","Rs. 49,999",mobiles and tablets
Redmi Note 12 || 8GB Ram 128GB Rom || 6.67 Inches AMOLED Display || 5000 mAh - Fast charging 33W wired ||,"Rs. 53,699",mobiles and tablets
Google Pixel 4a 5G 128GB Storage 6GB RAM Snapdragon 765G 5G 3885 mAh Battery 16 MP Camera Official PTA Approved Mobile Phone,"Rs. 55,999",mobiles and tablets
Redmi Note 12 || 8GB Ram 128GB Rom || 6.67 Inches AMOLED Display || 5000 mAh - Fast charging 33W wired ||,"Rs. 53,499",mobiles and tablets
"SAMSUNG GALAXY TAB A8 X205 4GB/64GB/10.5INCH/SIM PTA APPROVED,BRAND NEW","Rs. 78,399",mobiles and tablets
Motorola Edge Plus | 256GB Storage | 12GB RAM | Snapdragon 865 | 5000 mAh Battery | 108MP Camera | Official PTA Approved | Mobile Phone,"Rs. 81,599",mobiles and tablets
Redmi Note 12 Pro (8GB+256GB) 6.67'' AMOLED display PTA Approved 1 Year Official Warranty,"Rs. 88,999",mobiles and tablets
"Redemi 12 , 8GB Ram 128GB , 6.79 Inches IPS Display , 5000 mAh - Fast charging 18W","Rs. 43,999",mobiles and tablets
Itel S23 || 8GB Ram 128GB Rom || 6.6 Inches IPS Display 90Hz || 5000 mAh- Battery charging 10W,"Rs. 30,499",mobiles and tablets
Redmi A2+ 3Gb 64Gb - 6.52” HD+ Display - 5000mAh Battery - PTA Approved 1 Year Official Warranty,"Rs. 22,599",mobiles and tablets
Lenovo Tab E10 2GB Ram - 16GB Rom Android 8 - 10inches Screen,"Rs. 17,999",mobiles and tablets
"HONOR X6 Mobile Phone, 6.5 Inch Dual SIM PTA Approved, 50MP Triple Camera, 5000mAh Battery, 4GB+64GB, Android 12 With 1 Year Warranty","Rs. 34,999",mobiles and tablets
"Infinix Note 30 RAM 8 GB ROM 256 GB Front Camera 16 MP Back Camera 64 MP + 2 MP + AI Cam Battery Type Li-Po 5000 mAh, non-removable","Rs. 51,480",mobiles and tablets
Tecno Spark 10 Pro RAM 8 GB ROM 128 GB front Camera 32 MP Back Camera 50 MP Battery Type5000 mAh,"Rs. 41,999",mobiles and tablets
Vivo V27e - 8GB RAM 256GB ROM - 6.62 Inch Amoled 120hz Display - MediaTek Helio G99 - 4600mAh Battery - 66W Fast Charging,"Rs. 95,999",mobiles and tablets
"Xiaomi Redmi Note 12 RAM 8 GB ROM 128 Front Camera 13 MP Back Camera 50 MP + 8 MP + 2 MP Battery Type Li-Po 5000 mAh, non-removable","Rs. 59,499",mobiles and tablets
"Xiaomi Redmi Note 12 RAM 8 GB ROM 128 Front Camera 13 MP Back Camera 50 MP + 8 MP + 2 MP Battery Type Li-Po 5000 mAh, non-removable","Rs. 59,840",mobiles and tablets
"Like New Branded Huawei Tablet 1Gb Ram-8Gb Rom 7.0"" Screen Size","Rs. 7,549",mobiles and tablets
Oppo Reno Z || 4-6-8GB Ram || 128-256 GB Rom || AMOLED Display || Fingerptint indisplay || 4000mAh Battery || Fast charging || Dual Sim || PTA Approved || Mobile Phone,"Rs. 34,999",mobiles and tablets
"Daraz Like New Tablets – Amazon Fire HD 7 | 9th Generation | 16 GB Storage | 1 GB RAM | Quad-core 1.3 GHz Cortex-A53| 7"" HD| 2 MP front and 2 MP rear-facing cameras with video recording","Rs. 10,000",mobiles and tablets
Redmi note 12 8GB RAM -128GB ROM PTA APPROVED OFFICIAL WARRANTY SUPER FAST CHARGING,"Rs. 53,999",mobiles and tablets
"Kindle Paperwhite 11th Gen. 6.8"" display with adjustable warm light 8GB","Rs. 48,000",mobiles and tablets
vivo V29 5G - 12GB RAM - 256GB ROM - 50MP OIS Camera - In-Display Fingerprint - 80W Flashcharge,"Rs. 159,999",mobiles and tablets
Vivo Y85 4GB Ram 64GB Rom snapdragon 450 fingerprint scaner Dual Sim PTA Approved mobile phone,"Rs. 19,999",mobiles and tablets
Tecno Camon 20 Pro || 8GB Ram 256GB Rom || 5000mah Battey,"Rs. 69,999",mobiles and tablets
Tecno Camon 20 - 8GB+8GB Ram 256GB Rom - 5000mAh Battery - In Display Fingerprint,"Rs. 48,999",mobiles and tablets
VENUS Z81 NEW MODEL 2GB Ram 32gb Rom,"Rs. 13,899",mobiles and tablets
"Samsung Galaxy Note 20 Ultra 5G - 6.9"" Inches - Single Sim - 12GB RAM","Rs. 149,999",mobiles and tablets
Samsung Galaxy Tab E - 1.5GB RAM - 16GB ROM - Android 7 - FREE TABLET COVER,"Rs. 15,000",mobiles and tablets
Samsung Galaxy 54 5G 8GB - 256GB - Official PTA Approved 1 Official Year Warranty26,"Rs. 139,999",mobiles and tablets
Vivo s1 || Mobile Phone ||8GB Ram || 256GB Rom || 4500 mah battery || Dual sim || Super Amoled display || in screen Fingerprint scanner,"Rs. 79,999",mobiles and tablets
"Huawei Docomo D01J Tablet | Top Rated | 3GB RAM | 16GB ROM | 10/10 Condition | With Box, Charger, Cable & Free Surprise Gift | High Performance | Affordable | Only by TECH TREKKER","Rs. 21,499",mobiles and tablets
Aquos R5G 256GB Storage 12GB RAM Snapdragon 865 Official PTA Approved Gaming Phone - 5G Supported,"Rs. 66,500",mobiles and tablets
"Vivo V27 e RAM 8 GB ROM 256 GB Front Camera 32 MP Back Camera 64 MP + 2 MP + 2 MP Battery Type Li-Po 4600 mAh, non-removable","Rs. 99,999",mobiles and tablets
Redmi Note 12 (8GB+128GB) 6.67'' AMOLED display PTA Approved 1 Year Official Warranty,"Rs. 59,999",mobiles and tablets
itel A60s 4GB RAM - ROM 6.6″ HD+ Display 5000mAh Battery PTA approved Official Brand Warranty,"Rs. 22,599",mobiles and tablets
Tecno Spark 10C RAM 4 GB ROM 128 GB Front Camera 8 MP Back Camera 16 MP Battery Type 5000 mAh,"Rs. 33,490",mobiles and tablets
"itel S23 8GB Ram 128GB Rom 6.6"" Display 5000mAh Battery and 50MP Camera PTA Approved with One year brand Warranty","Rs. 30,499",mobiles and tablets
"Vivo Y36 ROM 8 GB ROM 128 GB Front Camera 16 MP Back Camera 50 MP + 2 MP + 2 MP Battery Type Li-Po 5000 mAh, non-removable","Rs. 67,980",mobiles and tablets
"Infinix Hot 30 - 6.78"" Inch Display - 8GB+8GB RAM - 128GB ROM","Rs. 38,599",mobiles and tablets
"Sparx Neo X , 4GB RAM , 64GB ROM , Back Camera 50 MP , Fingersensor , 5000 mAh Battery","Rs. 29,999",mobiles and tablets
"Samsung Galaxy S23 Ultra , 12GB RAM 512GB ROM , 200MP Main Camera , Finger Sensor , 5000mAh Fast Charging","Rs. 579,999",mobiles and tablets
REDMI POCO X5 PRO - 8GB RAM 26GB ROM - 5000 mAh Battery,"Rs. 114,999",mobiles and tablets
Lenovo Chromebook 100e 2022 Model - Type C Port - 10 Hours Battery - 11.6 Inch Laptop - 4Gb Ram - 16Gb Storage - Playstore Supported - FREE GAMING MOUSE - Top Rated,"Rs. 13,500",mobiles and tablets
Vivo y19 || Mobile Phone || 8 GB Ram || 256 GB Rom || 5000 Mah battery || Fingerprint scanner || Dual sim,"Rs. 49,999",mobiles and tablets
Daraz Like New Tablets - Samsung Galaxy Tab E - 1.5GB RAM - Android 7 - FREE TABLET COVER - Wi-Fi Only,"Rs. 14,299",mobiles and tablets
Xiaomi 13T (12GB-256GB) PTA Approved With Official 1 Year Warranty,"Rs. 164,999",mobiles and tablets
"Daraz Like New Tablets - Samsung Galaxy Tab A 8.0"" 2GB 32GB, Black Wi-Fi Supported - FREE TABLET COVER","Rs. 16,099",mobiles and tablets
Redmi 12C 4GB RAM + 128GB ROM PTA Approved Mobile Phone with 1 Year Brand Warranty,"Rs. 29,699",mobiles and tablets
"Infinix Hot 30 , 8GB RAM 128GB ROM , 50MP Main Camera , Fingerprint , 5000mAh Battery","Rs. 38,999",mobiles and tablets
Daraz Like New Tablets – Amazon Fire HD 8 10th Generation 2GB RAM 32GB Storage | Wi-Fi Tablet,"Rs. 16,949",mobiles and tablets
"Daraz Like New Tablets - Samsung Galaxy Tab A8 10.5 inches (X200) 3GB Ram, 32GB Rom WIFI Tablet","Rs. 40,499",mobiles and tablets
"Daraz Like New Tablets – Lenovo Tab M10 Plus Gen 3 10.6"" | 3GB RAM | 32GB Storage | Wi-Fi Tablet","Rs. 35,349",mobiles and tablets
"itel S23 8GB Ram 128GB Rom 6.6"" Display 5000mAh Battery and 50MP Camera PTA Approved with One year brand Warranty","Rs. 29,349",mobiles and tablets
Daraz Like New Tablets – Huawei D-01K| 32 GB Storage | 3 GB RAM || Octa-core Processor| 10.1″ HD Display | 8 MP Camera Rear and 8 MP Front | 6500 mAh Battery - FREE TABLET COVER,"Rs. 21,911",mobiles and tablets
Lenovo M8 Tablet - 2GB RAM - 16GB ROM - 8.2'' - Best For Gaming - Surprise Gift Included,"Rs. 14,999",mobiles and tablets
"Daraz Like New Tablets - Samsung Galaxy Tab A 8.0"" 2GB 32GB, Black Wi-Fi Supported - Tablets - FREE TABLET COVER - PUBG SUPPORTE - MODEL - T387","Rs. 16,049",mobiles and tablets
"Infinix Smart 7 , Back Camera 13 MP , 4GB RAM 64GB ROM , Fingerprint , 5000 mAh Battery","Rs. 25,999",mobiles and tablets
"Infinix Hot 30 Play , 4GB RAM 64GB ROM , 16MP Main Camera , Fingersensor , 6000mAh Fast charging 18W","Rs. 29,999",mobiles and tablets
Redmi 12C 4GB RAM + 128GB ROM PTA Approved Mobile Phone with 1 Year Brand Warranty,"Rs. 30,940",mobiles and tablets
"Tecno Spark 10 Pro , 8GB RAM 128GB ROM , Back Camera 50 MP , fingersensor , 5000mAh Battery","Rs. 38,999",mobiles and tablets
"Daraz Like New Tablets - Lenovo Tab 4 - 8"" Screen- 2GB RAM - 16GB ROM - PUBG Supported - Android 8-Full HD Screen - FREE TABLET COVER","Rs. 13,499",mobiles and tablets
Infinix Hot 30 || 8GB+8GB Ram 128GB Rom || 5000mAh Battery,"Rs. 38,499",mobiles and tablets
Tecno Spark 10 Pro || 8GB Ram 128GB Rom || 5000mAh Battery,"Rs. 39,999",mobiles and tablets
"Tecno Spark Go 2023 , 4GB RAM 64GB ROM , Back Camera 13 MP , Fingersensor , 5000mAh Battery","Rs. 25,999",mobiles and tablets
Xiaomi Redmi 12 RAM 8 GB ROM 128 GB Front Camera 8 MP Back Camera 50 MP + 8 MP + 2 MP Battery Type 5000 mAh,"Rs. 46,940",mobiles and tablets
Samsung Galaxy Tab E - 1.5GB RAM 16GB ROM - Android 7 - 8.2'' Screen Size - Free Gift Included,"Rs. 14,999",mobiles and tablets
Lenovo Tab 4 8 Plus,"Rs. 13,900",mobiles and tablets
"samsung Galaxy A14 , 6GB Ram 128GB Rom , 6.8 PLS LCD Capacitive Touchscreen , 5000 mAh - Fast charging 15W","Rs. 58,799",mobiles and tablets
Daraz Like New Tablets - Samsung Galaxy Tab A Model: Sm-T387 8.0 inch Display 2GB RAM 32GB Memory- Original Protector Installed,"Rs. 15,999",mobiles and tablets
"Samsung Galaxy A13 - 6.6"" Inch display - 4GB RAM","Rs. 46,499",mobiles and tablets
"Infinix Note 30 RAM 8 GB ROM 256 GB Front Camera 16 MP Back Camera 64 MP + 2 MP + AI Cam Battery Type Li-Po 5000 mAh, non-removable","Rs. 49,499",mobiles and tablets
"Daraz Like New Tablets - Lenovo M8 - 8"" Screen- 2GB RAM - 16GB ROM - PUBG Supported - Android 10-Full HD Screen","Rs. 14,999",mobiles and tablets
Redmi Note 12 || 8GB Ram 128GB Rom || 6.67 Inches AMOLED Display || 5000 mAh - Fast charging 33W wired ||,"Rs. 53,499",mobiles and tablets
"Infinix Note 30 - 8GB RAM 128/256GB ROM - 6.78"" FHD+ Eye-care Display with 120Hz Dynamic Refresh Rate","Rs. 49,999",mobiles and tablets
Redmi 12C 4GB RAM + 128GB ROM PTA Approved Mobile Phone with 1 Year Brand Warranty,"Rs. 27,990",mobiles and tablets
Daraz Like New Tablets - Lenovo K10 Tablet 3GB RAM 32GB STORAGE Android Version 12 (2021 Model) (FREE BOOK COVER),"Rs. 31,499",mobiles and tablets
Amazon kindle keyboard 3rd generation paperwhite ereader,"Rs. 4,000",mobiles and tablets
SparX Neo 7 Ultra || 6GB Ram 128GB Rom || 5000mAh Battery,"Rs. 33,999",mobiles and tablets
Redmi 12C || 4GB Ram 128GB Rom || 6.71 Inches IPS Display || 5000 mAh - Battery charging 10W wired,"Rs. 26,999",mobiles and tablets
VGOTEL New 22 || 4+3 GB Ram 128GB Rom || 5000mAh Battery,"Rs. 22,999",mobiles and tablets
Daraz Like New Tablets - TCL 9049L Tablet 3GB RAM 32GB STORAGE Android Version 10 (FREE BOOK COVER),"Rs. 17,749",mobiles and tablets
Arrows F-04H - 3GB Ram - 32GB Rom - Android 7 - 10.5 Inch Screen HD - White - Free Cover,"Rs. 19,749",mobiles and tablets
"Xiaomi Redmi Note 12 RAM 8 GB ROM 128 Front Camera 13 MP Back Camera 50 MP + 8 MP + 2 MP Battery Type Li-Po 5000 mAh, non-removable","Rs. 59,880",mobiles and tablets
"Daraz Like New Tablets - Samsung Galaxy Tab A8 10.5 inches (X200) 3GB Ram, 32GB Rom WIFI Tablet (FREE BOOK COVER)","Rs. 40,749",mobiles and tablets
"ZTE Blade A52 - 4GB RAM - 64GB ROM - 6.52"" Inch Display - 5000mAh Battery","Rs. 20,499",mobiles and tablets
"Daraz Like New Tablets - Lenovo Tab 4 - 8"" Screen- 2GB RAM - 16GB ROM - PUBG Supported - Android 8-Full HD Screen","Rs. 12,499",mobiles and tablets
Amazon kindle touch and audio speech 4th generation,"Rs. 6,000",mobiles and tablets
"Daraz Like New Tablets - Samsung Tab A7 Lite 8.7"" Gray 3GB RAM 32GB Storage","Rs. 26,749",mobiles and tablets
"[Phone Only] Y81 - 6.2"" HD+ Display - 6GB RAM - 32GB ROM - Dual Sim - Front: 5MP / Rear: 13MP Camera (Phone Only - No Box No Charger No Accessories Included - Mix Colors)","Rs. 17,999",mobiles and tablets
Daraz Like New Tablets - Samsung Galaxy Tab A7 - 3GB RAM - 32GB ROM -T500 (2020) - 10.4 inches - WiFi,"Rs. 33,599",mobiles and tablets
"INFINIX SMART 7 4GB RAM 64GB ROM || 6000mAh BATTERY || 4G LTE || 6.6"" DISPLAY || ONE YEAR BRAND WARRANTY || PTA APPROVED","Rs. 25,500",mobiles and tablets
"Xiaomi Redmi Note 12 RAM 8 GB ROM 256 Front Camera 13 MP Back Camera 50 MP + 8 MP + 2 MP Battery Type Li-Po 5000 mAh, non-removable","Rs. 66,499",mobiles and tablets
Vivo V27e || 8GB Ram 256GB Rom || 4600 mAh Battery,"Rs. 98,999",mobiles and tablets
itel A60s || 8GB Ram (4GB Ram + 4GB Expenable) 128GB Rom || 5000mAh Battery,"Rs. 23,499",mobiles and tablets
"Sparx Neo X || 4GB Ram 64GB Rom || 6.5 Inches IPS Display || (Li-Po Non removable), 5000 mAh","Rs. 29,399",mobiles and tablets
"Infinix NOTE 12 - 8GB RAM 128GB ROM - Mediatek Helio G96 Processor - 50MP Triple Camera - 6.7"" FHD+ AMOLED Display","Rs. 58,660",mobiles and tablets
Tecno Spark 10C || 4GB Ram 128GB Rom || 5000 mAh Battery,"Rs. 31,799",mobiles and tablets
Daraz Like New Tablets - Lenovo M10 Tablet 6GB RAM 128GB STORAGE Android Version 12 (2022) - FREE TABLET COVER,"Rs. 69,999",mobiles and tablets
"infinix Smart 7 HD , 2GB + 2GB Ram 64GB Rom , 6.6 Inches HD , 5000 mAh- Battery","Rs. 21,399",mobiles and tablets
B M10 Mini Phone,"Rs. 2,800",mobiles and tablets
Samsung Galaxy A04s RAM 4 GB ROM 128 GB Front Camera 5 MP Back Camera 50 MP + 2 MP + 2 MP Battery Type 5000 mAh,"Rs. 48,880",mobiles and tablets
Tecno Spark 10 RAM 4 GB ROM 128 GB Front Camera 8 MP Back Camera 50 MP + AI Battery Type 5000 mAh,"Rs. 31,999",mobiles and tablets
"Daraz Like New Tablets - Lenovo Tab M10 TB-X605F 10, 1"" Full HD IPS Display, Octa-core, 3GB RAM, 32GB Flash, Android 9.0 , Slate Black","Rs. 25,499",mobiles and tablets
Itel A 49 Play || 32GB ROM + 2GB RAM || 4000mAh Battery || 6.3″ Waterdrop Full Screen ||,"Rs. 16,999",mobiles and tablets
Redmi 12C || 4GB Ram 128GB Rom || 6.71 Inches IPS Display || 5000 mAh - Battery charging 10W wired,"Rs. 27,799",mobiles and tablets
"Redmi A2 Plus || 3GB + 64GB || 6.5 IPS Display || Battery (Li-ion Non removable), 5000 mAh","Rs. 22,799",mobiles and tablets
"(Phone Only) Y81 - 6.22"" HD Display - Dual Sim - 6GB RAM - 32GB ROM - Android Oreo - PTA Approved - Phone Only (No Charger, No Box, No Accessories Included)","Rs. 17,999",mobiles and tablets
Vivo X7 Plus 4GB Ram 64GB Rom Super AMOLED display 4000mAh Battery fingerprint scaner Dual Sim PTA approved Mobile Phone,"Rs. 19,999",mobiles and tablets
"Samsung Galaxy A13 - 4GB ROM 64 GB - Display 6.6"" - 50MP Main Camera - Selfie Camera 8MP - 5000 mAh Battery 1 Year Official Warranty","Rs. 50,999",mobiles and tablets
Infinix Smart 7 4GB Ram 64GB Rom 5000mAh Battery,"Rs. 26,499",mobiles and tablets
"Itel S23 , 8GB RAM 128GB ROM , 50 MP Main Camera , Fingerprint , 5000mAh Battery","Rs. 29,999",mobiles and tablets
Motorola Moto Edge Plus 2020 12GB Ram 256GB Rom Single Sim PTA Approved,"Rs. 82,000",mobiles and tablets
"SPARX NEO 7 PRO 4GB RAM 64GB ROM || 6.5"" DISPLAY || 5000mAh BATTERY || PTA APPROVED || ONE YEAR BRAND WARRANTY","Rs. 24,099",mobiles and tablets
itel A60s - 4GB RAM 128GB ROM - 6.6 Inches Display - Dual SIM - 5000mAh Battery,"Rs. 23,499",mobiles and tablets
Moto G Stylus 5G - 128/4GB Single Sim,"Rs. 36,999",mobiles and tablets
Daraz Like New Tablets - Samsung Galaxy Tab A Model 8.0 inch Display 2GB RAM 32GB Memory - FREE TABLET COVER,"Rs. 15,749",mobiles and tablets
"Op.po A57 - 5.2"" HD Display - 3GB RAM - 32GB ROM - Dual Sim - PTA Approved - Phone Only (Charger, Box and Accessories Not Included)","Rs. 13,592",mobiles and tablets
"Infinix Hot 11 Play - 6.82"" Inch Display - 4GB RAM","Rs. 29,550",mobiles and tablets
"Samsung Galaxy A04 - 6.5"" Inch Display - 4GB RAM - 64GB ROM","Rs. 33,750",mobiles and tablets
"Samsung Galaxy A12 - 6.5"" Inch Display - 4GB RAM - 64GB ROM","Rs. 41,990",mobiles and tablets
"Infinix Hot 30 Play - 6.82"" Inch Display - 4GB RAM - 64GB / 12GB ROM","Rs. 29,899",mobiles and tablets
"Xiaomi Poco X5 Pro 5 G RAM 8 GB ROM 256 GB Front Camera 16 MP Back Camera 108 MP + 8 MP + 2 MP Battery Type Li-Po 5000 mAh, non-removable","Rs. 111,970",mobiles and tablets
"Xiaomi Poco X5 Pro || 8GB + 256GB || Display 6.7"" AMOLED || Battery Li-Po 5000 mAh ||","Rs. 111,999",mobiles and tablets
Daraz Like New Tablets - Samsung Galaxy Tab S2 Model: Sm-T810 9.7 inch Display 3GB RAM 32GB STORAGE (ORIGINAL GLASS PROTECTOR INSTALLED),"Rs. 27,999",mobiles and tablets
Daraz Like New Tablets - Alcatel Tablet 9032 8 Inch 3 GB 32 GB,"Rs. 14,999",mobiles and tablets
Daraz Like New Tablets – Samsung Tab A 32 GB Storage 3 GB RAM Android 11Octa-core 1.8 GHz 8.4 inches 8 MP Rear and 5 MP Front Camera5000 mAh Battery,"Rs. 27,449",mobiles and tablets
"Tecno Camon 20 RAM 8 GB ROM 256 GB Front Camera 32 MP Back Camera 64 MP + 2 MP + AI Cam Battery Type Li-Po 5000 mAh, non-removable","Rs. 55,980",mobiles and tablets
"Hot 30 Play , 4+4GB Ram 64GB Rom , 6.8 Inches IPS Display , 6000 mAh - Fast charging 18W","Rs. 29,499",mobiles and tablets
Daraz Like New Tablets - TCL TAB 8 9049L Wi-Fi 32GB BLACK,"Rs. 19,499",mobiles and tablets
Redmi 12C 4GB RAM + 128GB ROM PTA Approved Mobile Phone with 1 Year Brand Warranty,"Rs. 30,980",mobiles and tablets
Daraz Like New Tablets- Apple Ipad 5th Generation 32GB Storage,"Rs. 49,999",mobiles and tablets
Realme C30 - 4GB RAM 64GB ROM - 6.5 Inches Display - 5000mAh Battery,"Rs. 26,299",mobiles and tablets
Realme C35 || 4GB Ram 128Gb Rom || 5000mAh Battery,"Rs. 49,999",mobiles and tablets
itel A17 1GB Ram 16GB Rom 5''IPS LCD capacitive touchscreen Quad-core 1.3 GHz Processor 2400mAh Battery,"Rs. 13,500",mobiles and tablets
Infinix Hot 30 Play - 4GB RAM 64GB ROM - 6.82 Inches Display - 6000mAh Battery,"Rs. 30,499",mobiles and tablets
Infinix Note 30 8GB+8GB Ram 256GB Rom G99 Powerful Processor,"Rs. 48,999",mobiles and tablets
"Itel A23 Pro 4G - 1GB RAM 8GB ROM 5"" Inch Display 2400mAh Battery","Rs. 14,450",mobiles and tablets
Realme 9 Pro plus RAM 8 GB ROM 128 Battery 4500 Mah Camera front 16 MP Back 50 MP +8 MP +2 MP,"Rs. 104,999",mobiles and tablets
Oppo A54 Display 6.51 RAM 4GB ROM 128 GB Fast Charging 18W,"Rs. 65,000",mobiles and tablets
Itel A 49 || 2GB Ram 32GB Rom || 6.6 IPS Display || Non-removable Li-Po 4000mAh battery Charger: 5V 1A,"Rs. 17,799",mobiles and tablets
"Samsung Galaxy A14 RAM 6 GB ROM 128 GB Front Camera 13 MP Back Camera 50 MP + 2 MP + 2 MP Battery Type (Li-Po Non removable), 5000 mAh","Rs. 59,980",mobiles and tablets
Tecno Camon 19 Neo RAM 6 GB ROM 128 GB Camera Front 32 MP Back 48 MP +2 MP,"Rs. 45,000",mobiles and tablets
"Infinix Smart 6 - 6.6"" Inch Display - 3GB RAM - 64GB ROM","Rs. 24,299",mobiles and tablets
Tecno Spark Go 2023 || 4GB+3GB Ram 64GB Rom || 5000mAh Battery,"Rs. 27,000",mobiles and tablets
Nokia G21 || 4GB Ram || 5050mAh Battery || Finger Print Sensor,"Rs. 37,999",mobiles and tablets
"Infinix NOTE 12 - 8GB RAM 128GB ROM - Mediatek Helio G96 Processor - 50MP Triple Camera - 6.7"" FHD+ AMOLED Display","Rs. 59,499",mobiles and tablets
Amazone Tablet 1gb 16gb 9th Generation WiFi Supported Memory Card Supported Play Store,"Rs. 9,512",mobiles and tablets
Daraz Like New Tablets - Lenovo M10 - 3GB RAM - 32GB ROM - WIFI Tablet - 10inch Screen- 2020 model - Android 10 - FREE TABLET COVER,"Rs. 32,499",mobiles and tablets
Vivo Y02 T RAM 4 GB ROM 64 GB Front Camera 5 MP Back Camera 8 MP Battery Type 5000 mAh,"Rs. 39,890",mobiles and tablets
"ZTE Blade A52 - 4GB RAM - 64GB ROM - 6.52"" Inch Display - IPS LCD - 5000mAh Battery","Rs. 20,399",mobiles and tablets
"Samsung Galaxy A14 RAM 4 GB ROM 128 GB Front Camera 13 MP Back Camera 50 MP + 2 MP + 2 MP Battery Type (Li-Po Non removable), 5000 mAh","Rs. 56,990",mobiles and tablets
HONOR X5 - 2GB RAM 32GB ROM - 6.5 Inch - Dual SIM - 5000mAh Battery,"Rs. 19,499",mobiles and tablets
"Vgotel New 15 - 6.5"" Inch Display - 3GB + 3GB RAM - 64GB ROM","Rs. 21,950",mobiles and tablets
Samsung Galaxy A13 RAM 4 GB ROM 64 GB Camera Fornt 8 MP Back 50 +5 +2 MP Battery 5000 mah,"Rs. 50,980",mobiles and tablets
Redmi 12C 4GB RAM + 64GB ROM PTA Approved Mobile Phone with 1 Year Brand Warranty,"Rs. 29,990",mobiles and tablets
Vivo Y85 | 64GB Storage | 4GB RAM | Snapdragon 450 | 3260 mAh | Dual Sim | 13MP Camera | Approved | Mobile Phone,"Rs. 17,499",mobiles and tablets
Infinix Hot 12 128GB Rom 6GB Ram (5GB Extended RAM) 6.8''IPS LCD Capacitive Touchscreen MediaTek Helio G85 Processor 5000mAh Battery,"Rs. 37,999",mobiles and tablets
Daraz Like New Tablets – Samsung Galaxy Tab A 8 32 GB Storage 2 GB RAM 2.0 GHz quad-core 8″ Display 8 MP Camera Rear and 2 MP Front 5100 mAh Battery - FREE TABLET COVER,"Rs. 18,499",mobiles and tablets
SUMSUNG A04 3/32,"Rs. 44,999",mobiles and tablets
"Infinix Note 30 RAM 8 GB ROM 256 GB Front Camera 16 MP Back Camera 64 MP + 2 MP + AI Cam Battery Type Li-Po 5000 mAh, non-removable","Rs. 53,780",mobiles and tablets
"Daraz Like New Tablets - Samsung Tab A 2020 8"" Screen 3gb Ram 32GB ROM Android 11 (FREE BOOK COVER)","Rs. 25,199",mobiles and tablets
"VIVO Y85 Smartphone 2023 Original 100% Brand New with Box & Charger 4+64GB 6.2"" FHD IPS Screen 4G Android Mobile phone 3200mAh Gaming phone 16MP+13MP Dual AI Camera Dual Sim card Student Genuine Legit Cheap phone Lowest price","Rs. 40,000",mobiles and tablets
"Candy by Haier 32 Android Smart LED TV, (C32K6G)-2 Years Brand Warranty","Rs. 47,999",tv
"TCL 55"" C745 QLED 4K TV","Rs. 219,900",tv
"iFFALCON by TCL 40"" S52 FHD Smart Android TV/ 2 Years Brand Warranty","Rs. 64,990",tv
"TCL 43"" C645 QLED 4K TV","Rs. 117,900",tv
"TCL 43"" P635 4K HDR Google LED TV","Rs. 96,990",tv
"iFFALCON by TCL 55"" U62 4K HDR TV/ 2 Years Brand Warranty","Rs. 126,900",tv
"iFFALCON by TCL 32"" S52 Smart Android TV / 2 Years Brand Warranty","Rs. 48,990",tv
Candy by Haier 40 Android TV-Smart TV-K6FG Series-C40K6FG-Certified Android 11-Bezel-less-Dolby Digital-Google Assistant-2 Years Warranty,"Rs. 64,999",tv
"iFFALCON by TCL 43"" U62 4K HDR TV/ 2 Years Brand Warranty","Rs. 88,990",tv
"iFFALCON by TCL 50"" U62 4K HDR TV/ 2 Years Brand Warranty","Rs. 110,990",tv
"TCL 58"" P635 4K HDR Google LED TV","Rs. 151,900",tv
"TCL 50"" P735 4K HDR Google LED TV","Rs. 131,900",tv
"Haier 43"" Android Smart LED TV (H43K6FG)/2 Years Brand Warranty","Rs. 76,999",tv
"TCL 55"" P735 4K HDR Google LED TV","Rs. 155,900",tv
"TCL 43"" P735 4K HDR Google LED TV","Rs. 107,900",tv
"TCL 65"" P635 4K HDR Google LED TV","Rs. 204,900",tv
"TCL 55"" P635 4K HDR Google LED TV","Rs. 140,900",tv
TCL S5200 43 Smart Android Full HD LED TV - Black,"Rs. 83,990",tv
8kT Smart 32 inch Frameless led TV Wi-Fi Supported,"Rs. 33,200",tv
"Haier 32"" H-CAST series LED TV 32 Inch - H32D2M (Mobile Sharing)","Rs. 39,849",tv
TCL 55” P635 UHD Android TV Dynamic 4k HDR Display,"Rs. 133,560",tv
8k T 32 INCH Smart Android LED TV - Full HD Resolution - 32 Inch LED TV - 1 Year Warraty,"Rs. 33,400",tv
TCL LED 50P635,"Rs. 118,500",tv
"Changhong Ruba U55X718 -TV 4K UHD/Bezel Less/-Android 55"" Voice Control LED TV/ 2 Years Brand Warranty-Black","Rs. 127,499",tv
"TCL 50"" P635 4K HDR Google LED TV","Rs. 117,660",tv
TCL 40 INCH NEW MODEL 40S5400 Android Smart Led TV BEZEL LESS,"Rs. 78,999",tv
"Haier Smart 4K UHD LED 43"" H-43K66UGP - 2GB RAM & 16GB ROM - Certified Android Smart + 4K+ Bezel-less LED - 2 Years Official Warranty - Latest Model","Rs. 92,499",tv
MULTYNET LED TV 32M200,"Rs. 30,000",tv
"TCL 32S5400 FHD Smart TV-32""","Rs. 51,999",tv
TCL 58 INCH P635 4K HDR GOOGLE TV,"Rs. 153,500",tv
Multynet 32inch Android Bezel-less HD LED TV- 32NX9 - Black,"Rs. 48,999",tv
"Hisense 43A4G 43"" Bezel-less Android Smart TV","Rs. 90,999",tv
Dawlance 43'' HD LED TV / Spectrum series / 43E3A / Narrow Bezel Screen / 2 Years Warranty,"Rs. 66,200",tv
Dawlance 50'' 4K UHD LED TV / Canvas series / 50G3AP / Narrow Bezel Screen / 2 Years Warranty,"Rs. 127,999",tv
"TCL 43"" P735 UHD Android TV","Rs. 99,999",tv
"TCL 50"" LED TV 4K UHD Andriod L50P735 | 2 Year Brand Warranty","Rs. 129,920",tv
ECO STAR LED CX-32U573 A+,"Rs. 37,019",tv
HISENSE 32″ HD TV SERIES A4G Android LED,"Rs. 58,999",tv
Dawlance 55'' 4K UHD TV / Canvas series / 55G3AP / Narrow Bezel Screen / 2 Years Warranty,"Rs. 168,200",tv
TCL 32S65A 32 Inches Smart HD LED Android Operating System | 2 years Brand warranty,"Rs. 56,999",tv
"Haier 32"" H-CAST LED/TV D2M Series/32D2M (Miracast Screen Mirroring/ Multi Pictures Mode/ Slim Bezel)/ 2 Years Warranty","Rs. 41,499",tv
Dawlance 32'' HD LED TV / Spectrum series / 32E3A / Narrow Bezel Screen / 2 Years Warranty,"Rs. 41,999",tv
"Haier 32"" H-CAST LED/TV D2M Series/32D2M / 2 Years Brand Warranty","Rs. 39,899",tv
Changhong Ruba L32X6 - 32 inch LED TV - HD TV- Black,"Rs. 37,499",tv
Universal 22 Inch Full LED TV - Black,"Rs. 13,899",tv
"TCL 50"" C645 QLED 4K TV","Rs. 162,900",tv
"Haier 55"" Smart LED/TV K66 Series/H55K66UGP (Certified Android Smart+4K+ Bezel-less)/2 Years Warranty","Rs. 137,899",tv
Universal Parrot U24 Inch - HD LED TV - Black,"Rs. 16,299",tv
"TCL 43C645 4K Android 43"" QLED TV","Rs. 115,999",tv
"TCL 50C645 50"" 4K Android QLED TV","Rs. 159,999",tv
"Changhong Ruba 40"" /Bezel Less/ Google Certified Android 11.0 LED TV (L40X6i) / Voice Control/ 2 Years Brand Warranty","Rs. 66,499",tv
"Haier 55"" HQ LED/TV P7 Series/H55P7UX (4K UHD Google TV + Certified Android Smart + Ultra Slim)/2 Years Warranty","Rs. 153,899",tv
"TCL 65"" C645 QLED 4K TV","Rs. 279,900",tv
"TCL 65"" C745 QLED 4K TV","Rs. 309,900",tv
"TCL 65P635 4K HDR Google 65"" LED TV","Rs. 194,999",tv
"Haier 32"" Smart LED/TV K66 Series/H32K66G (Certified Android Smart+ Bezeless+ Full Screen)/ 2 Years Warranty","Rs. 55,899",tv
"Haier 43"" Smart LED/TV K66 Series/H43K66UGP (Certified Android Smart+Bezeless+ 4K UHD)/2 Years Warranty","Rs. 94,899",tv
"TCL 65"" P735 4K HDR Google LED TV","Rs. 227,900",tv
TCL 32 HD LED TV - 32D310,"Rs. 38,990",tv
TCL 32D310 Full HD LED TV,"Rs. 38,999",tv
Ecostar 32 Inch HD LED 32U573A+ 2 Year Brand Warranty 32 inch Led tv,"Rs. 40,500",tv
"TCL 43"" C635 QLED TV","Rs. 120,000",tv
"Haier 40"" Smart LED/TV K66 Series/H40K66FG (Certified Android Smart+Bezeless+ Full Screen)/2 Years Warranty","Rs. 71,899",tv
"TCL 55"" C645 QLED 4K TV","Rs. 199,900",tv
TCL 55P635 4K HDR Google TV,"Rs. 129,999",tv
"Hi-Q 40"" ANDROID LED TV WITH WARRANTY","Rs. 52,210",tv
"TCL L32S5400 Full HD Android Border Less 32"" LED TV","Rs. 51,999",tv
"TCL 43"" P635 4K HDR Google LED TV","Rs. 89,999",tv
"Haier 50"" HQ LED/TV P7 Series/H50P7UX (4K UHD Google TV + Certified Android Smart + Ultra Slim)/2 Years Warranty","Rs. 130,899",tv
Universal 17 Inch Full LED TV - Black,"Rs. 8,499",tv
"Samsung 55"" QLED 4K Q60B Smart TV","Rs. 252,049",tv
"TC 55"" C745 QLED TV","Rs. 205,000",tv
"TCL -40S5400 FHD Smart TV -40""","Rs. 69,999",tv
8kT FRAMLESS 40 INCH Smart Android LED TV Android 12 Full HD Resolution a - 1 Year Warranty,"Rs. 53,000",tv
"TCL L40S5400 Full HD Android Border Less 40"" LED TV","Rs. 71,999",tv
Dawlance 32'' HD LED TV / Spectrum series / 32E3A / Narrow Bezel Screen / 2 Years Warranty,"Rs. 42,100",tv
"Haier LED TV 50"" Smart 4K UHD H-50K66UGP - 2GB RAM & 16GB ROM - Certified Android Smart + 4K+ Bezel-less LED - 2 Years Official Warranty - Latest Model","Rs. 114,599",tv
"TCL 43"" 4K UHD Android LED 43P635","Rs. 88,019",tv
ECOSTAR CX-39U573 A+ 39″ INCH LED TV,"Rs. 48,999",tv
"TCL L40S5400 Full HD Android Border Less 40"" LED TV","Rs. 71,999",tv
"SONY BRAVIA 55"" Inch TV X75AK 4K Ultra High Definition (UHD) High Dynamic Range (HDR) Smart Google TV","Rs. 214,999",tv
Aiwa 43 inch high quality smart led Tv - 2 years warranty - 1 year panel warranty,"Rs. 67,999",tv
"TCL 65"" C845 MINI LED 4K TV","Rs. 419,900",tv
"43"" UHD 4K CU7000","Rs. 128,999",tv
TCL 40S6500 40 Inch Smart Android LED TV | 1080 HD resolution | Dolby Digital Sound | 8GB of internal storage| 2 Year Brand warranty,"Rs. 69,019",tv
Aiwa 32 inch Simple LED tv - with 2 years warranty - 1 year panel warranty,"Rs. 34,599",tv
"TCL 40"" S5400 Smart Android TV","Rs. 73,990",tv
"Haier LED 55"" Smart 4K UHD H-55K66UGP - 2GB RAM & 16GB ROM - Certified Android Smart + 4K+ Bezel-less LED - 2 Years Official Warranty - Latest Model","Rs. 133,900",tv
TCL 50P635 4K HDR Google LED TV,"Rs. 116,999",tv
TCL 32 Inch LED 32D310,"Rs. 39,000",tv
TCL 32” S5200 Android LED TV,"Rs. 59,999",tv
HI-Q 43” Smart Android TV With Voice Remote,"Rs. 62,499",tv
Android 32 inch led Hdmi support,"Rs. 30,999",tv
Dawlance 50'' Smart 4K UHD Google LED TV / Radiant series / 50G22 / 2 Years Brand Warranty / Narrow Bezel,"Rs. 117,500",tv
"TCL L32S5400 Full HD Android Border Less 32"" LED TV","Rs. 50,499",tv
"PEL LED TV 32""-ColorOn HD LED TV","Rs. 38,499",tv
"40"" Android LED H40K66F","Rs. 73,999",tv
"Universal U-3D - HD LED TV - 19 - Black""","Rs. 11,199",tv
"TCL 43"" P635 4K HDR Google TV","Rs. 92,550",tv
"TCL 43"" P635 4K HDR Google LED TV","Rs. 110,000",tv
8K t Frameless 50 inch Smart Android Led Tv & 50 inch Frameless Smart Android Led TV 4k with Voice Control,"Rs. 89,000",tv
SAMSUNG LED UA32T5300AUSMM 32 inch LED,"Rs. 66,500",tv
8k T 43 INCH Smart Android LED TV - Full HD Resolution - 43 Inch LED TV - 1 Year Warranty,"Rs. 56,900",tv
Haier H32K66G 32 Android Smart TV | 2 Year Brand Warranty,"Rs. 59,999",tv
"TCL 43C645 4K Android 43"" QLED TV","Rs. 114,999",tv
Universal 19 Inch Full LED TV - Black,"Rs. 10,299",tv
Ecostar 32 Inch HD LED 32U573A+ 2 Year Brand Warranty,"Rs. 59,399",tv
Changhong Ruba 43 inch - UHD Android 11.0 - Voice Control - Bezel Less LED TV- Google Certified/ Black,"Rs. 89,999",tv
"Haier 50"" 4K Android TV-K800 Series-H50K800UX-(Certified Android Smart+4K+Bezeless)-2 Years Warranty","Rs. 118,899",tv
TCL 32S5400 Bezel Less Android Smart LED TV | WIFI | Big Memory + Massive Content | 2 year Brand Warranty,"Rs. 56,999",tv
"Samsung 32"" T5300 Full HD HDR Smart TV - 32T5300","Rs. 68,999",tv
TCL 32 S5400 FHD Android Smart Led Tv,"Rs. 58,000",tv
"Hi Q 40"" SMART TV WITH VOICE REMOTE ANDRIOD","Rs. 54,250",tv
TCL 40 INCH NEW MODEL S5400 FHD ANDROID TV,"Rs. 69,250",tv
"Haier 65"" HQ LED/TV P7 Series/H65P7UX (4K UHD Google TV + Certified Android Smart + Ultra Slim)/2 Years Warranty","Rs. 225,899",tv
"TCL L43S5400 Full HD Android Border Less 43"" LED TV","Rs. 79,999",tv
32 inch Slim LED TV With Free Wall Stand-Wifi Controlled,"Rs. 30,447",tv
TCL 43 S5400 FHD Android Smart Led Tv,"Rs. 89,999",tv
TCL LED TV 43P735 4K UHD Android.,"Rs. 105,000",tv
"TCL -43S5400 -FHD Smart TV (43"")","Rs. 79,999",tv
"65"" TCL 65P635 4K HDR Google TV With Official Warranty","Rs. 209,999",tv
Haier Smart 4K UHD LED 65″ H-65K66UG-Android 11.0 LED - 2 Years Official Warranty,"Rs. 184,900",tv
"55"" QLED 4K Q60C","Rs. 255,999",tv
"55"" UHD 4K CU8000","Rs. 219,999",tv
TCL 40 Inch Model L40S6500 Android Smart Led TV Bezel Less FHD HDR function Google Assistant Chromecast built-in 2 Years Official Warranty,"Rs. 74,899",tv
"Dawlance Radiant Series Google TV 55"" G22 4K UHD","Rs. 132,300",tv
"Changhong Ruba 32"" Smart Android 11.0 LED TV /2 Years Brand Warranty","Rs. 63,248",tv
"Haier LED 32""Inch Smart LED 32K6600 Bezel Less Google Android TV - Smart AI Plus","Rs. 54,999",tv
"55"" TCL 55P635 4K HDR Google TV With Official Warranty","Rs. 145,499",tv
TCL 40 INCH ANDROID LED TV NEW MODEL 40S5400,"Rs. 78,999",tv
"Haier 55"" 4K Android TV-K800 Series-H55K800UX (Certified Android Smart+4K+ Bezel-less)/2 Years Warranty","Rs. 138,899",tv
"Samsung 43"" T5300 FHD Smart TV","Rs. 124,999",tv
TCL LED TV 4K UHD Andriod L55P735 55 Inch / 2 Year Brand Warranty,"Rs. 147,999",tv
"Hisense Android - 32"" Smart HD Ready LED TV - Black 32E5600","Rs. 58,849",tv
TCL 55P735 4K HDR Google LED TV,"Rs. 151,500",tv
"OKTRA 32"" SMART ANDROID LED TV BORDERLESS","Rs. 36,500",tv
TCL 43S5400 43 Inch FHD Smart Bezel Less Android TV | Wifi | Big Memory + Massive Content | Dolby Audio | 2 year Brand warranty,"Rs. 84,999",tv
"Phillips - 32"" ANDROID Ultra Slim HD Smart LED TV (32PHT6915/98)","Rs. 65,000",tv
"TCL 55"" 4K QLED Google TV Android - 55C645","Rs. 194,999",tv
"Haier HD LED 43"" Bezel Less FHD Google Android 11.0 Smart TV H43K6FG Android LED - 2 Years Official Warranty","Rs. 83,000",tv
TCL L40S6500 Full HD Android LED TV,"Rs. 71,999",tv
Samsung LED TV UA43T5300,"Rs. 108,000",tv
"TCL 75"" C645 QLED 4K TV","Rs. 419,900",tv
HI Q 32” VOICE REMOTE Smart Android TV Bezelless,"Rs. 41,100",tv
Aiwa 32 inch Android Smart LED tv - with 2 years warranty - 1 year panel warranty,"Rs. 41,999",tv
Dawlance 43'' 4K UHD LED TV / Canvas series / 43G3AP / Narrow Bezel Screen / 2 Years Warranty,"Rs. 111,999",tv
"Ditron Led Tv Android-DL 43"" FL ANDROID","Rs. 87,375",tv
TCL 43INCH S5400 NEW MODEL FHD SMART TV,"Rs. 81,999",tv
Haier 32 Inch D2M Mira Cast LED,"Rs. 39,999",tv
"TCL 55"" C845 MINI LED 4K TV","Rs. 319,900",tv
"Haier 43"" HQ LED/TV P7 Series/H43P7UX (4K UHD Google TV + Certified Android Smart + Ultra Slim)/2 Years Warranty","Rs. 105,899",tv
TCL 40'' S65A Full HD AI Smart Android LED TV - 40S65A,"Rs. 74,999",tv
HI Q 32” Smart Android TV Bezelless,"Rs. 40,600",tv
"TCL L43S5400 Full HD Android Border Less 43"" LED TV","Rs. 81,999",tv
TCL 32S5200 Android Full HD LED TV,"Rs. 50,999",tv
Dawlance 32'' HD LED TV 32E3A Narrow Bezel Screen 2 Years Official Warranty Spectrum Series,"Rs. 39,000",tv
TCL 32 Smart Android HD LED 32S5200,"Rs. 50,999",tv
"TCL 43"" P635 UHD Android TV","Rs. 87,999",tv
Samsung Q70B Ultra HD/4K QLED TV,"Rs. 399,000",tv
"Samsung UHD 4K Smart TV 65"" Crystal AU7000","Rs. 450,000",tv
"Samsung 65"" UHD 4K CU7000","Rs. 269,999",tv
TCL LED TV 43P635 4K UHD Android.,"Rs. 95,000",tv
"55"" QLED 4K Q70C","Rs. 284,999",tv
"TCL 65P635 4K HDR Google 65"" LED TV","Rs. 206,000",tv
"Haier H50K66UGP 50"" 4K UHD Android Smart TV","Rs. 115,999",tv
"65"" QLED 4K Q60C","Rs. 353,999",tv
"Haier 43"" Android Smart LED TV (H43K6FG)","Rs. 80,413",tv
Eco Star LED 50UD962 A+ Tv 4K Smart Latest Android 11 with 2 year Warranty,"Rs. 108,999",tv
"TCL LED Tv 4K UHD Andriod L65P635 (65"")","Rs. 210,000",tv
"Haier 40"" Smart LED/TV K6600 Series/40K6600UG (Certified Android Smart+Bezeless)/18 Months Warranty","Rs. 70,999",tv
"Ecostar 32"" 32U871 Android 11.0 HD TV","Rs. 72,200",tv
TCL 40S65A Full Screen Smart Android LED TV / 2 Year Brand warranty,"Rs. 75,999",tv
Hisense 40A4G Android Smart Tv,"Rs. 72,999",tv
"TCL Series 40"" inch Full HD Smart LED TV - L40S6500","Rs. 73,499",tv
TCL 65P735 4K HDR Google LED TV,"Rs. 221,200",tv
"TCL 50"" P635 4K HDR Google LED TV","Rs. 129,999",tv
"Changhong Ruba- U50H7Ni/ 50"" inch Android 11.0/Voice Controll/ 4K UHD Smart LED TV-Black","Rs. 110,699",tv
Dawlance 50'' 4K UHD LED TV / Canvas series / 50G3AP / Narrow Bezel Screen / 2 Years Warranty,"Rs. 145,800",tv
"Hisense - 40"" Android 4K UHD LED TV - Black","Rs. 98,000",tv
"Samsung 75"" UHD 4K CU7000","Rs. 446,999",tv
"Samsung 40"" FHD Smart TV 40T5300","Rs. 119,999",tv
"Samsung 43"" T5300 FHD Smart LED TV 43T5300 - Official Warranty","Rs. 123,999",tv
"TCL 55"" P635 4K Smart Android UHD LED TV | 2 Year Brand Warranty","Rs. 137,920",tv
S M 75 inch Smart Android WiFi 4K Led TV,"Rs. 260,000",tv
"Samsung 85"" UHD 4K CU8000","Rs. 846,999",tv
"65"" QLED 4K Q70C","Rs. 399,999",tv
"BESTRONICS Android Smart LED TV ""32"" UHD 4K Panel, Metal Back, Color system PAL/SECAM, 3D","Rs. 42,800",tv
"Haier 55"" Smart LED/TV K66 Series/H55K66UG (Certified Android Smart+4K+Bezeless)/2 Years Warranty","Rs. 144,499",tv
"Haier 40"" Smart LED/TV K66 Series/H40K66FG (Certified Android Smart+Bezeless+ Full Screen)/2 Years Warranty","Rs. 70,499",tv
Samsung 55 Inch Smart LED Tv 55CU7000,"Rs. 210,999",tv
Dawlance 65'' Smart 4K UHD Google LED TV / Radiant series / 65G22 / 2 Years Brand Warranty / Narrow Bezel,"Rs. 198,999",tv
Nobel -40DN10 METAL SMART LED,"Rs. 50,999",tv
Multynet -43NX9 Certified android LED,"Rs. 70,655",tv
"Samsung 32"" HD Flat Smart Led TV 32T5300","Rs. 69,499",tv
S G 60 Inches Smart Android WiFi 4K Led Tv,"Rs. 140,000",tv
HI-Q 24” SMART TV,"Rs. 21,730",tv
"Samsung Au7000 55"" Smart 4K UHD TV","Rs. 186,185",tv
"2021 Samsung AU7000 65"" 4K Crystal UHD Smart TV","Rs. 262,049",tv
"SONY BRAVIA 65"" Inch TV X75AK 4K Ultra High Definition (UHD) High Dynamic Range (HDR) Smart Google TV","Rs. 296,999",tv
"SONY BRAVIA 55"" Inch TV X81K 4K Ultra High Definition (UHD) High Dynamic Range (HDR) Smart Google TV","Rs. 241,999",tv
Quilted Cotton Fabric Fancy Lcd Cover Dustproof and Scratch proof with 3 Layers,Rs. 799,computer products
"Cleaning Duster, Soft Magic Colorful Feather Duster Brush Anti Static Cleaning Products with Long Plastic Handle for Cleaning Furniture, Calligraphy, TV Screen, Computer",Rs. 160,computer products
"Dell Latitude 5430, Core i5 3rd generation, 8GB Ram, 500GB Hard Drive, 14"" Led Display, (Windows 10 Registered) FREE LAPTOP BAG - Daraz Like New Laptops","Rs. 29,499",computer products
Apple MacBook Pro 2012 - 500GB Storage 8GB RAM - 2.5GHz Dual-Core Core i5 - Mid 2012 13.3-inch LED Display - Dual Operating System MacOS & Windows 10 - Silver - Daraz Like New Laptops,"Rs. 46,999",computer products
"Lenovo ThinkPad T460 Core i5 6th Gen, 16GB, 256GB SSD, 14″ LED (Windows 11 Licensed) FREE LAPTOP BAG)","Rs. 49,999",computer products
HP Laser Jet pro 107a Printer,"Rs. 40,740",computer products
"HP EliteBook 850 G6 Core i5 8th Gen, 16GB RAM, 512GB SSD, 15.6″ FHD IPS LED","Rs. 109,999",computer products
"HP 255 G4 15.6"" Laptop, AMD A6 Dual-Core Processor , 4GB RAM, 500GB HDD, AMD Radeon R4 Graphics, DVD-RW, HDMI, Bluetooth, HDMI, Webcam, Windows 10","Rs. 35,999",computer products
Daraz Like New Laptops - Lenovo Thinkpad X230 Core i5 3rd Gen 4 GB RAM 250 GB 12..5″ Windows 10 (Free Laptop Bag),"Rs. 24,999",computer products
"Hikvision E100 Desire Series 128GB | 2.5"" SATA Internal SSD","Rs. 4,199",computer products
"Lenovo ThinkPad T470 Core i5 7th Gen, 8GB, 256GB SSD, 14″ Screen IPS LED (Windows 11 Licensed) FREE LAPTOP BAG","Rs. 54,999",computer products
Daraz Like New Laptops - Apple Macbook Air A1466 2017 Intel Core i5 8gb 128gb Intel | Mac OS,"Rs. 81,999",computer products
X13 Universal Mobile Game Cooler System Cooling Fan | Adjustable Portable Light Gamepad Holder Stand Radiator For All Smart Phone Devices.,Rs. 550,computer products
USB Bluetooth 5.0 Bluetooth Adapter Receiver 5.0 Bluetooth Dongle 5.0 Adapter for PC Laptop 5.0 BT Transmitter,Rs. 314,computer products
Energy - ENRG Professional Audio USB Sound Card Amplifier Voice Changer for Live Streaming Music Recording with Multiple Effects Black,"Rs. 2,499",computer products
Energy - ENRG Wooden Gaming Laptop Table With Fan For Bed Foldable Stand Ergonomic Portable Drawing Notebook Reading Food Breakfast Serving With Inbuild Tablet And Cup Holder Slots Couch Black Brown Pink Yellow Green White Blue,"Rs. 1,599",computer products
PUBG Game Controller L1 R1 Blue Metal Trigger For IOS Android,Rs. 199,computer products
MEMO L01 Mobile Radiator Phone Cooling Fan Case Cold Wind Handle Fan for PUGB Mobile Cooler Mobile Cooling Fan Case,"Rs. 1,699",computer products
V8 Audio External USB Sound Card - Live Webcast Sound Card For Mobile Phone & PC,"Rs. 3,350",computer products
HDMI to VGA Converter (HDMI to VGA Converter with Sound And Without Sound),Rs. 329,computer products
VGA Cable Male to Male For Monitor PC Computer Laptop LED TV Original Full HD 1080p Display Resolution High Quality Video Game Streaming Desktop PC,Rs. 199,computer products
50-500 Courier Flyers Shipping Bags With Large Address Label Pocket,Rs. 359,computer products
3D Pen upgrade Intelligent 3D Pen,"Rs. 2,523",computer products
"ibex PS4 Wireless Controller for PlayStation 4 DUALSHOCK 4 Bluetooth Wireless PS4 Controller Suitable for PS4 Vibratinng Joystick Handle PS4 Game Controller Suitable for PS4 PC Windows 7, 8 and 10 fifa edition","Rs. 2,879",computer products
"Vivo Original Handsfree Handsfree Headphones Handsfree Handfree / Earphones 3.5mm With Mic For PUBG Real Gamming, Deep Bass Sound, Online Steaming Watching Movies, Online Classes, cute handfree for girls Android Mobile",Rs. 165,computer products
USB to DB9 Serial RS232 RS 232 Cable Converter Adapter,Rs. 750,computer products
"7-in-1 Portable Multifunctional Cleaning Tool Kit for Keyboards, Earphones, Computers, Phones & more",Rs. 599,computer products
"Energy - ENRG RGB Mini Wireless Keyboard + Bluetooth Dual Connection 2.4GHz Air Touchpad Mouse, Compatible With Android TV Box, Smart TV, PC Black","Rs. 1,075",computer products
Professional Free Size Artist Drawing Glove for Huion Graphic Tablet Drawing Gloves Fashion Unisex Black,Rs. 299,computer products
Rechargeable Double Battery Pack Charging Cable For Xbox 360 Wireless Controller,"Rs. 1,250",computer products
Laptop RAM 4GB DDR3 PC3L-12800 1600MHz Branded DDR3 Ram for laptops 100% Quality Product Laptop Pulled,"Rs. 1,125",computer products
V8 Audio External USB Live Web Cast Sound Card For P.c & Mobile Phone Recording,"Rs. 3,200",computer products
"Plug in LED Night Light Mini USB LED Light Flexible USB LED Ambient Light Mini USB LED Light, LED Portable car Bulb, Indoor, Outdoor, Reading, Sleep",Rs. 50,computer products
FANTECH MP64 Anti-Slip Large Gaming Mouse Pad - XL Large Mat - Black - 640x210mm,Rs. 775,computer products
"Branded Imported DC 12V Charger, 1A,1.5A, 2A, 2.5A, 3A, Adapter, Supply, Quality Charger For Home, Offices, Shops, Students Projects,",Rs. 440,computer products
PC computer Gaming - Gaming PC i5 2nd Lenovo m91p - 4GB ram 500GB Hard 1GB Graphic Card - Fully customizable pc,"Rs. 16,599",computer products
Colorful Silicone Anti Dust Plug -for Laptop Port Cover Stopper Notebook Computer Dustproof USB Interface Waterproof Plug,Rs. 199,computer products
7 in 1 Computer Keyboard Cleaner Brush Kit Earphone Cleaning Pen For Headset Keyboard Cleaning Tools Cleaner Keycap Puller Kit Portable Multifunctional Cleaning Tool for PC Monitor/Earbud/Cell Phone/Laptop/Computer/Bluetooth Earphones,Rs. 579,computer products
Portable Mini Fan Usb Charging rechargable battery,Rs. 529,computer products
Alfa Mini Wifi Adapter/Catcher 300-Mbps Alfa Usb LAN Card For Computer Laptop,Rs. 395,computer products
Thermal Grease Paste for Processor Heat Sink,Rs. 145,computer products
Car Wireless Bluetooth Receiver Adapter 3.5Mm Aux Audio Stereo Music Home Hands Free Car Kit Device,Rs. 349,computer products
"RJ45 Connectors Cat6 RJ45 Pass Through Connector Ends 5 pcs , Cat6/Cat5e Connectors, Ethernet Cable Crimp Connectors Network Unshielded Plug PACK OF 20 TO 100 (SELECT QUANTITY UNDER PRODUCT NAME)",Rs. 135,computer products
USB Bluetooth 4.0 Adapter Receiver Trans'mitter EDR Dongle for PC Wireless Transfer for Bluetooth Headphone Speakers Mouse,Rs. 299,computer products
EITGZWAS New Left + Right Speaker for MacBook Pro 13 Inch Retina A1502 Internal Speakers Late 2013 Early 2014 2015 923-0557 923-00509,"Rs. 2,750",computer products
HDMI Cable Ultra High-speed 4K/120Hz for Xiaomi Mi Box PS5 HDMI Splitter Cable HDMI Dolby Vision 48Gbps HDMI for Computer Projector,Rs. 659,computer products
Mini Fan Usb Charging rechargeable battery..,Rs. 499,computer products
FANTECH K613 Fighter II Full RGB Gaming Keyboard,"Rs. 5,499",computer products
Ronin R-007 / R007 / R 007 GAMING HANDSFREE BEST FOR PUBG / handfree for gaming,"Rs. 1,550",computer products
Daraz Like New Laptops - Lenovo N21 Chromebook – 11.6″ – 4 GB RAM – 16 GB ROM – With Play Store - PUBG Supported,"Rs. 11,749",computer products
"Laptop Ram 4Gb DDR3 PC3 12800, 1600 Mhz","Rs. 1,421",computer products
Flash Disk 64GB 128GB 256GB High speed Type-c USB 2.0 512GB PenDrive Storage Flash Drives OTG/ Tablet MAC Laptop,Rs. 799,computer products
4GB Branded PC Ram for Best Speed DDR3 PC3 12800/1333 HMZ Premium Quality PC Ram for All types of PCs Desktop & Tower Random Access Memory Lot item,"Rs. 1,165",computer products
Gaming PC i7 running Gta v Pubg Tekken 7 Need for speed office gaming rendering editing computer 1gb graphics card computer,"Rs. 18,619",computer products
Ugreen HDMI Splitter 4K HDMI Switch for Xiaomi Mi Box Bi-Direction 1x2/2x1 Adapter HDMI Switcher 2 in 1 out for PS4 HDMI Switch,"Rs. 2,166",computer products
RGB Gaming Mouse 7 Colors LED Backlight - Flank Cable Silent Mice Gaming Mouse For Laptop / PC,Rs. 380,computer products
Moyu cube Stickerless 56mm Qiyi Warrior S Rubiks Cube 3x3,Rs. 299,computer products
ibex- laptop table Modern Computer Desk Folding Laptop table study bed couch and sofa table Stand and sofa Tablet best laptop table with drawer and handle,"Rs. 2,608",computer products
4Pcs AAA Batteries 1.2v Rechargeable NI-CD Battery 1.2v NI-CD AAA 1000MAh for electric remote control car toy re Use,Rs. 460,computer products
Mini Portable Speakers For Computer Laptop LCD LED Best Sound Speakers System.1 Pair Mini Portable USB Wired Computer Speakers Audio Music Player Square Speaker Compact 3.5mm Jack Laptop Computer.,Rs. 499,computer products
"Dell Latitude 5530, Core i5 3rd generation, 8GB Ram, 500GB Hard Drive, 15.6"" Led Display, Numeric Keypad (Windows 10 Registered) FREE LAPTOP BAG - Daraz Like New Laptops","Rs. 32,249",computer products
Spot -USB C / A HUB 3.0 Metal Type C 4 Port Multi Splitter Adapter For laptop Phone Tablet & Computer,Rs. 580,computer products
X13 Universal Mobile Game Cooler System Cooling Fan | Adjustable Portable Light Gamepad Holder Stand Radiator For All Smart Phone Devices.,Rs. 595,computer products
Black Simple Mousepad For Computer,Rs. 200,computer products
"【Metal Body】 PRO Mechanical Gaming Keyboard and Mouse Combo RGB ~ Backlit Semi Mechanical Feeling Waterproof Gaming Key Board with FREE Mouse Pad & Breathing LED for PC Gaming, Typing, Mobile Pubg, Laptop, Free Fire by FunBug","Rs. 2,580",computer products
Printer Cable 1.5 Meter High Speed Best Quality USB Cable New With Warranty,Rs. 249,computer products
Gaming Ram 4GB DDR3 1600Mhz For Computers,"Rs. 1,610",computer products
DIY Rebuilt Kit 0.8/1.0Ω Replacement Coil for GEEKvape-Z/vaperesso-gtx Mesh Coil SEVICH,Rs. 872,computer products
Tablet Radiator for iPad Pro/iPad Air/iPad Mini/iPad Coolers,"Rs. 3,814",computer products
Transparent Glasses for Women - Clear Lens Glasses Frame for Men - White Transparent Glasses for Kid - Curve Glasses for Computer,Rs. 250,computer products
Gaming PC i5 running Gta v Pubg Tekken 7 Need for speed office gaming rendering editing computer 1gb graphics card computer,"Rs. 14,509",computer products
USB Bluetooth 4.0 Bluetooth Adapter Receiver 4.0 Bluetooth Dongle 4.0 Adapter for PC Laptop 4.0 BT Transmitter,Rs. 299,computer products
FT-163 / FT-165 speakers New Equal of Prime Multimedia Woofer Speaker For Laptop Computer Led Lcd Speaker,Rs. 995,computer products
X13 Universal Mobile Game Cooler System Cooling Fan | Adjustable Portable Light PUBG Gamepad Trigger Controller Holder Stand Radiator For All Smart Phone Devices.,Rs. 645,computer products
JoyStick Wired USB 2.0 Black Gamepad Joystick Joypad Game Controller For PC Laptop Computer For Win7/8/10 XP,Rs. 919,computer products
Lenovo Thinkpad T470 - Core i5 7th Generation - 8GB DDR4 - 256GB SSD - 14inch Screen - FREE LAPTOP BAG,"Rs. 53,399",computer products
EPSON EcoTank L3250,"Rs. 61,200",computer products
Portable & Flexible Mini Cooling fan / USB Fan For Mobile OTG Power Bank Notebook Laptop Desktop PC Desk / portable mobile fan,Rs. 159,computer products
Daraz Like New Laptops - HP EliteBook 820 G4 - Core i5 7th Generation - 8GB DDR4 RAM - 128GB SSD AND 500GB HDD- 12.5inch Screen - FREE LAPTOP BAG,"Rs. 58,249",computer products
"4GB Ram DDR3 12800 For All Desktop Tower PCs, IMPORTED STOCK","Rs. 1,145",computer products
HP DeskJet 2320 All-in-One Printer - ( Print - Copy - Scan ) 1 Year Warranty,"Rs. 16,999",computer products
Ultralight Gaming Mouse 5500 DPI Optical Sensor RGB Lighting Premium Look Long Wire With 3 Working Buttons,Rs. 369,computer products
13 pcs Colorful Silicone Anti Dust Plug Cover Stopper Laptop dust plug laptop dust proof usb dust plug Computer Accessories,Rs. 199,computer products
"Pattern Laptop Back Skin-Laptop Skin Vinyl Sticker Decal, 13 13.3 14.6 15 15.4 15.6 inch Laptop Skin Sticker Cover For All Laptops",Rs. 450,computer products
JW 3 Meter (Pack of 6) PLA 1.75mm Filament Printing Materials-PLA Filament For 3D Pen -Eco-friendly Material 3D Pen Filament,"Rs. 1,196",computer products
COOLCOLD Vacuum Portable Laptop Cooler USB Air Cooler External Extracting Cooling Fan Notebook,"Rs. 2,450",computer products
"hp wifi color printer 2720 all in one (e print, air print )","Rs. 21,999",computer products
Bat Logo Laptop Back Vinyl Skin- For All Laptops,Rs. 399,computer products
"Laptop Table for Bed, Adjustable Portable Gaming laptop Metal Stand, Mini Support Wooden Sheet Tray for Sofa, Strong iron made Cheap Portable Folding Table for Study, Best Laptop Desk for Kids, Water proof Desk Foldable for Home, Quality Desk for Office","Rs. 1,399",computer products
Bluetooth Wireless Mouse Mute Mouse For Laptop Computer PC Tablet Mini Ultra-Thin Single-Mode Battery Silent Gaming Mouse Mice,Rs. 899,computer products
Universal Multi Travel Adapter Converter US AU UK To EU Plug European Europe Universal Multi Socket 16A with Safety Shutter,Rs. 159,computer products
WiWU ISHIELD Hard Shell macbook case for m1 air 2020 13.3 new air (A2179) 2022 air Laptop Case Anti-scratch Macbook Body Protector Soft Rubber Feet Full Access Two Piece Installation Slim Profile Anti-Scratch,"Rs. 3,040",computer products
Suitable for EPSON Print Head Ribbon and Sensor Cable L110/L210/L220/L350/L355/L360/L380/L550/L565,Rs. 754,computer products
Dell Chromebook 3180 - 4GB RAM - 16GB SSD (FREE LAPTOP BAG) - Daraz Like New Laptops,"Rs. 14,249",computer products
Daraz Like New Laptops - Dell Chromebook 11 3180 - 4GB RAM - 16GB SSD (FREE LAPTOP BAG),"Rs. 13,899",computer products
Cat Headphone Wireless Bluetooth Headphone Headset Cat Ear LED Light Up Wireless Headphones for Mobile Phone PC or Laptop,"Rs. 1,919",computer products
USB Hub 3.0 4 Port And 4 LED Indicator For Laptop PC Computer And Mobile Charging - High Speed 5Gbps USB Hub 3.0 4 Port Expansion Adapter Splitter For Laptop PC Computer Mobile Charging OTG Desktop PC,Rs. 499,computer products
3d pen - printing and drawing pen - upgraded Intelligent 3d - kids toys - painting and drawing tool - toys for boys and girls - magic pen - printing pens with lcd display 1.75 mm PLA/ABS filament supported,"Rs. 3,114",computer products
"Art Brain Laptop Back Skin-Laptop Skin Vinyl Sticker Decal, 13 13.3 14.6 15 15.4 15.6 inch Laptop Skin Sticker Cover For All Laptops",Rs. 450,computer products
300Mbps USB2.0 WIFI Wireless Network Adapter Dongle + Antenna 802.11n/g/b LAN Card,Rs. 909,computer products
Mini Wireless Keyboard -Backlit,"Rs. 1,049",computer products
Kawaii Sanrio Kuromi Lanyard My Melody Cinnamoroll Student Beauty iPhone Phone Case Backpack Dolls Pendant Charm Toy Girls Gifts Cherry Super Store,Rs. 241,computer products
"Large size Mousepad | Non Slip Large Size Mousepad | Dual Side Desk Mat For Office Desk , Computer Table, Laptop Mat",Rs. 405,computer products
15 M High Temperature Resistance Adhesive Cloth Tape for Cable Harness Car Auto Heat Sound Isolation Width 9/15/25 MM,Rs. 390,computer products
Gaming Ram 8GB DDR3 1600Mhz For Computers,"Rs. 3,750",computer products
S900 Cooling Pad For 14-17 Inch Laptops Gaming Notebook Dual USB Ports Adjustable Height RGB Laptop Cooling Pad Stand,"Rs. 3,099",computer products
"Cassette Tape To CD Converter Via USB, Portable USB Cassette Player Capture MP3 Audio Music, Compatible With Laptop and Personal Computer, Convert Walkman Tape Cassette To MP3 Format","Rs. 5,499",computer products
"7-in-1 multi-function Computer Cleaning Tool Kit, brush, screen cleaner, Flocking Sponge etc., Cleaning Kit, Pink & White","Rs. 1,050",computer products
"Pack of 100 Cotton Fabric Tissues, Makeup Remover, Wipes, Kitchen Napkins, Dish Cloth Towel, Travelling Tissues",Rs. 270,computer products
Stickerless 56mm Moyu Rubiks Cube 3x3,Rs. 299,computer products
Gaming Mouse Pad Logilily L-16 Gaming MousePad Silk-Gliding,Rs. 192,computer products
"Camelion CR2032 / CR 2032 3V Lithium-Ion Button Cell Battery for Watches, Weight Scales, Calculators, Car Remote, Motherboards etc - 1 Piece",Rs. 147,computer products
Mouse With 7 LED RGB Backlit | RGB Mouse Wired Gaming Mouse | Latest Model | Computer Mouse For Gaming,Rs. 380,computer products
5 IN 1 Gadget Cleaner Keyboard Cleaner Brush Key Puller Handsfree Cleaner Earbuds Cleaner Accessories Cleaner,Rs. 294,computer products
"Universal Laptop Back Skin-Laptop Skin Vinyl Sticker Decal, 13 13.3 14.6 15 15.4 15.6 inch Laptop Skin Sticker Cover For All Laptops",Rs. 450,computer products
"USB Bluetooth Audio Adapter - Bluetooth Music Receiver - 3.5mm Stereo - For Car AUX, Home Speakers, PC, Cellphone",Rs. 299,computer products
laptop 500GB Hard Disk Slim 2.5 Inch video Hard Drive-Internal For laptop With 6month warranty,"Rs. 2,100",computer products
"3D Pen for 3D Printing, 3D printing Drawing Pen with 3 x 1.75mm ABS/PLA Filament for Creative Modelling, USB 3D pen, Creative Learning for Children Kids as Toys, DIY Arts & Crafts Boy Girls","Rs. 2,575",computer products
"UGREEN Wireless Mouse, 4 Silent Buttons, Bluetooth 5.0 2.4G with USB Mini Receiver Wireless Mice, 4000DPI Ambidextrous for PC Mac Laptop","Rs. 4,164",computer products
Ugreen RJ45 Connector Cat7 6 5e Ethernet Adapter 8P8C Network Extender Extension Cable for Ethernet Cable Female to Female,"Rs. 1,053",computer products
Screwdriver Set 25 in 1 With Case Multifunctional Torx Opening Mobile Repairing Tools For Mobiles Phones Cell Phone Tablets Computers Repair Mini Hand Tool Kit,Rs. 799,computer products
S900 Cooling Pad For 14-17 Inch Laptops Gaming Notebook Dual USB Ports Adjustable Height RGB Laptop Cooling Pad Stand,"Rs. 3,099",computer products
HP DeskJet 2710 All-in-One Printer - (Print Scan Wifi) - With 1 Year Warranty,"Rs. 22,399",computer products
P-H-I-L-I-P-S G404 ESPORTS RGB RAINBOW LIGHT USB Wired Mechanical Keyboard With LED RGB Backlight Black for Professional Gaming Users,"Rs. 4,655",computer products
"Speakers FT-165 for PC, LAPTOP, LED, Tv, high bass multimedia speakers","Rs. 1,999",computer products
78A Black Chinese LaserJet Toner Cartridge for Hp Printers,"Rs. 1,999",computer products
Original Triangle Fascial Deep Tissue Muscle Fitness Rechargeable Full Body Relaxation Pain Relief Machine for Unisex Chargeable Facial Muscle Massage 32 speeds 8X Heads Cordless Rechargeable Handheld Body Shaping Exercise Massager,"Rs. 4,699",computer products
"Laptop Ram 8Gb DDR3 PC3L 12800, 1600 Mhz","Rs. 3,250",computer products
Core i5 4690 Gaming PC - Processor Upto 3.70 GHz - 4th Generation - 4GB RAM DDR3 - 500GB HDD - 80 games intalls and gift 1 GB Graphice Card,"Rs. 21,999",computer products
5 in 1 Cleaner Kit Camera Phone Tablet Laptop Screen Cleaning Tools Earphone Cleaning Brush Pen For Airpod Pro 3 2 1,"Rs. 3,000",computer products
Alfa Net Wifi Wireless-N USB Adapter Antenna Receiver Catcher - Soft AP Utility Super Fast 2.4 GHz 150 / 300 Mbps High Speed IEEE 802.11bgn Internet Dongle Network Card Windows Linux Computer Laptop PC,Rs. 601,computer products
Air Mouse for Android and Smart TV Remote / Fly Air Mouse,"Rs. 1,290",computer products
Circuit Board - 6x4 Inch Copper Sheet One Sided Clad Plate Laminate Board for DIY,Rs. 249,computer products
HDMI female to VGA male converter with audio projector HD computer display set-top box connector cable,Rs. 800,computer products
dell Desktop 9010 Tower PC - Intel Core i7-3770 3.2GHz 8GB 500GB DVDRW Windows 10 Professional,"Rs. 29,299",computer products
USB Optical luminous Gaming Mouse LED Light Wired For Computer,Rs. 430,computer products
COMPUTER AND LAPTOP WIRED MOUSE,Rs. 289,computer products
Dell Latitude E7470 - Core i7 6th Generation - 16GB DDR4 RAM - 256GB SSD - 14inch Screen - FREE LAPTOP BAG,"Rs. 59,499",computer products
HP 78A Black Compatible LaserJet Toner Cartridge,"Rs. 2,299",computer products
"Laptop Table for Bed, Folding laptop Metal Stand, Portable Gaming laptop table Stand, Mini","Rs. 1,399",computer products
"Portable Cooling Neck Fan, Rechargeable USB, 360° Rotation, Wearable Neck Fan Air Conditioner","Rs. 1,283",computer products
DisplayPort to DVI DVI-D Dual Link Cable Genuine DP To DVI Branded 2 Meters,Rs. 799,computer products
"FANTECH VX6 / X15 Phantom II RGB Gaming Mouse With 6 Programmable Buttons Optical Sensor Up to 60 IPS / 20G Acceleration On-the-fly Adjustable DPI / 400-7,200 DPI - Black","Rs. 3,399",computer products
"Daraz Like New Laptops - HP Elitebook 850 G6 Core i5 8th Gen, 16GB RAM, 256GB SSD, 15.6″ FHD IPS LED","Rs. 107,499",computer products
1 Piece Cute Cartoon Anime Bear Transparent Mobile Phone Chain Fashion Bag Charms Lovely Phone Strap Keychain Decoration Cherry Super Store,Rs. 258,computer products
Desktop Harddrive 500 Gb / SATA Hard drive with 100% Health(whole rate),"Rs. 2,100",computer products
Alphabet Letter Number Silicone Mold DIY Alphabet Mold Pendant Keychain Mold Yao Store,"Rs. 1,717",computer products
FT-163 / FT-165 speakers New Equal of FT 165 Prime Multimedia Woofer Speaker For Laptop Computer Led Lcd Speaker,Rs. 995,computer products
"Wireless IP Camera 360 view Rotatable, HD WiFi CCTV Surveillance Camera PTZ Night Vision - Two Way Audio SD Card Slot V380","Rs. 3,999",computer products
Wolf Totem V5 Ergonomic Design Mechanical Feel RGB LED Backlit Gaming Keyboard,"Rs. 2,799",computer products
POWER CABLE FOR PC .PRINTER POWER CORD 1 METER,Rs. 128,computer products
Wireless Mouse Bluetooth Pink Mouse [Akko]Cute Hamster with Ergonomic Design for laptop/pc,Rs. 790,computer products
Print Your Company Logo on Mousepad,Rs. 250,computer products
Daraz Like New Laptops - HP EliteBook 840 G3 - Core i5 6th Generation - 8 GB RAM - 128GB SSD 500GB HDD- 14inch Screen - FREE LAPTOP BAG (WINDOWS 10 REGISTERED),"Rs. 53,749",computer products
Lenovo Gaming PC -Gaming pc i5 3rd gen m91p- 8GB Ram 500GB Hard 1GB Graphic Card-Fully customizable pc,"Rs. 18,810",computer products
Portable Mini Fan Usb Charging rechargable battery,Rs. 510,computer products
Lamgool Portable Fan USB Rechargeable Hanging Mini Fan Keychain Hand Fan Protable Air Conditioner For Home And Travel,"Rs. 1,436",computer products
Stepless Dimming PC Monitor Lamp Bar Eye-caring LED Compute Desk Screenbar Light USB Display Screen Hanging Light for Reading,"Rs. 3,699",computer products
WiFi Router Power Bank 12v Volts UPS Technology | 15000 plus+ mah | 6 to 8 hours gauranteed backup 20000 plus+ mAh | 9 to 12 Hours Guaranteed Backup | Tp Link-Tenda-PTCL | Fiber Base Router,"Rs. 3,199",computer products
Microbots M2 - 2242 Breakable/Multi sizes NGFF SATAIII Computer Hard 128 GB SSD Laptops Desktop Notebook Solid-State Drives,"Rs. 2,939",computer products
3D Pen upgrade Intelligent 3D Printer,"Rs. 2,650",computer products
RGB-Gaming mic | Microphone in Pakistan | Mic for recording | gaming mic for mobile | Bm800 mic | Bm800 microphone,"Rs. 4,499",computer products
Hp Elitebook 820G4 - Core i5 7th Generation - 16GB RAM - 128GB SSD + 500GB HDD- 12.5 inch Screen - FREE LAPTOP BAG (WINDOWS 11 LICENSED),"Rs. 57,249",computer products
Hanging Neck Fan for Kitchen Folding Fan Wearable Portable fan Neckband Mini Fan USB Chargeable Multicolour,"Rs. 1,238",computer products
5 in 1 Gamepad Keyboard for Mobile Game Mouse and Keyboard Set Kit M1 Bluetooth Controller for Phone Tablet PUBG Android Plug and Play Keyboard Mouse Converter PUBG call of Duty Controller Trigger Gaming Converter Adapter With Holder for iOS & Android,"Rs. 9,399",computer products
HP DeskJet 2710 All-in-One Printer - (Print Scan Wifi) - With 1 Year Warranty,"Rs. 20,999",computer products
Daraz Like New Laptops - Lenovo Chromebook 100E Intel Celeron 4GB RAM 16GB Chrome OS (FREE LAPTOP BAG),"Rs. 15,499",computer products
"3D Carbon Fibre Skin Decal Wrap Sticker Case Cover For 17"" PC Laptop Notebook 3D Carbon Fibre Skin Decal Wrap Sticker Case Cover For 17"" PC Laptop Notebook 3D Carbon Fibre SkinDecal Skin for Macbook Vinyl Sticker Laptop Stickers, Car Sticker Window Decals",Rs. 161,computer products
Cat Cartoon Mini usb charging small fan mute foldable desktop fan / Hanging Neck Fan for Kitchen Rechargeable for Girls Working Traveling Office Reading Folding Fan Wearable Portable Neckband Mini Fan 360 Degrees USB Chargeable,Rs. 830,computer products
2-In-1 USB Bluetooth Receiver Adapter HiFi Wireless Adapter with 3.5mm AUX Cable for TV PC Car,Rs. 812,computer products
"Lenovo Thinkpad T460 14-Inch Laptop ( Intel Core i5-6300U Dual-Core 2.4GHz, 8GB DDR3, 500GB HDD, Windows 10 Pro","Rs. 41,499",computer products
Candy-colored Mini fan rechargeable USB Fan rechargeable portable electric fan Mini/Hand-Held Fans hanging neck fan rechargeable Outdoor Sports Electric Fan folding fan Mini handheld Candy-colored Summer mini electric fan,"Rs. 1,360",computer products
FANTECH FB301 TURBINE RGB Cooling Fan For Pc Casing With Controller Box and Remote - Set of 3,"Rs. 7,999",computer products
64 GB USB flash drive micro otg Good Speed 3.0/2.0 Flash Memory Stick USB Drive 2 in 1 High Speed Pendrive,Rs. 699,computer products
Gaming Laptop Table Stand With Cooling Fan Dual High Speed Foldable Dormitory Ergonomic Portable For Drawing Notebook Reading Food Breakfast Serving With Inbuild Tablet And Cup Holder Slots For Bed Couch Sofa Floor - Black Wooden Dark Brown Pink,"Rs. 1,449",computer products
"Daraz Like New Laptops - HP ProBook X360 11 G2 2-in-1 11.6 Inch Touchscreen, Intel Core M3 7th Gen 8GB RAM, 128GB SSD, Windows 10 Pro","Rs. 33,699",computer products
7 in 1 Computer Keyboard Cleaner Brush Kit Earphone Cleaning Pen For iPad Phone screen cleaner Cleaning Tools Keycap Puller Kit,Rs. 948,computer products
Desk Fan High Velocity Electric Fan USB Rechargeable Student Fan Cat Ear Design Mini Fan Portable Hand Held Fan,Rs. 808,computer products
HP 2320 Color and Black All-in-One Printer - ( Print - Copy - Scan ) 1 Year Warranty,"Rs. 16,699",computer products
"Wireless Mouse - Black, Wireless Mouse for Laptop, USB Mouse for all type of devices black",Rs. 599,computer products
"Daraz Like New Laptops - HP EliteBook 840 G3 Core i5 6th Gen/8GB/256GB SSD/14"" LED","Rs. 56,499",computer products
Premium Original Quality Samsung Bar Plus Flash drive USB Original Samsung 3.1 Flash drives 8GB/16GB/32GB/64GB/128 GB USB Metal Body High Speed Flash Memory Stick Pen Drive Metal Body Imported USB Samsung 3.1 Flashes Drives Bar Plus USB - Silver,Rs. 460,computer products
"NVIDIA GEFORCE GT 730 2GB, GDDR5, GAMING GRAPHIC CARD, VIDEO CARD, GTA5, PUBG,","Rs. 5,600",computer products
Woodary Laptop Table Stand Foldable Dormitory Ergonomic Portable For Drawing Notebook Reading Food Breakfast Serving With Inbuild Tablet And Cup Holder Slots For Bed Couch Sofa Floor - Noir Beech Walnut,"Rs. 1,599",computer products
"FT-2031 USB Multimedia Woofer Speaker For Computer ,Woofer Speaker For Laptop, Best Woofer Speaker For Mobile And Table USB Woofer Speakers High Quality Product","Rs. 1,199",computer products
Portable Mini Fan Usb Charging rechargable battery,Rs. 541,computer products
"M2 to SATA Adapter M.2 to SATA Adapter M.2 NGFF Converter 2.5"" SATA3 Card B Key for 2230-2280 M2 SSD",Rs. 940,computer products
Gaming Mouse Pad Logilily L-16 Gaming MousePad Silk-Gliding (25cm x 21cm),Rs. 188,computer products
Bluetooth Earbuds Cleaning Pen With Soft Microfiber Brush For Small Parts and Holes Cleaner Earphones Cleaning Tool,Rs. 255,computer products
UGREEN RJ45 Splitter 1 to 2 Ethernet Adapter Internet Network Cable Extender RJ45 Connector Coupler for PC TV Box Router Cat6,"Rs. 1,818",computer products
Fast Charging Mobile Cables 100% Copper ORIGINAL Warner 1.2 Meter Micro USB 3.0 Data Cables,Rs. 300,computer products
Original Sports Wireless Magnetic Handfree Bluetooth Sports Wireless Earphone Genuine Bluetooth Handsfree with mic Good Quality Sound M5 Handsfree with Bluetooth Connectivity,Rs. 299,computer products
RGB GAMING KEYBOARD WITHOUT MOUSE BACKLIT VERTUX WIRED BEST FOR GAMING -HOME & OFFICE USE,"Rs. 1,699",computer products
Daraz Like New Laptops - HP ELITEBOOK 840-G5 8TH GENERATION INTEL CORE-I5 8250u PROCESSOR 16GB RAM 512GB SSD FHD 14.1’INCH (WINDOWS 11 ACTIVATED) FREE LAPTOP BAG,"Rs. 91,499",computer products
Daraz Like New Laptops - Lenovo N21 Chromebook – 11.6″ – 4 GB RAM – 16 GB ROM – With Play Store - PUBG Supported,"Rs. 11,749",computer products
"Daraz Like New Laptops - Microsoft Surface Pro 6 8th Gen 12.3"" Touch Screen Intel Core i7 8GB RAM 256GB SSD Windows 10","Rs. 97,499",computer products
Mini Portable Hand Fan- USB Rechargeable Air Cooling Fan,Rs. 649,computer products
"AirPods Pro 2 ANC , airpod with noise cancellation","Rs. 4,499",computer products
"Original 67W Turbo Charger with Free 6A Super Fast Turbo Charging Cable Type C for Mi 11 Pro, Mi 11 Ultra, Mi 11T, Poco F3, Poco X3 GT, Poco F3 GT. Turbo Charger 67W Fast Charge Power QC 4.0 Adapter GAN For Redmi 10 Pro, Mi 10T, Poco M3-33W, 55W, 120W.","Rs. 2,735",computer products
64GB SAMSUNG USB Flash Drive-6 months warranty,Rs. 780,computer products
